Hogwarts House,theta0,Astronomy,Herbology,Divination,Muggle Studies,Ancient Runes,History of Magic
Ravenclaw,-1.6661970171646423,1.2741976589048178,-2.8163675206585492,0.18895419291525264,0.9543729446228606,-0.14783638468900548,2.2085674684059717
Slytherin,0.8293960053989097,-0.9254092658642616,-1.3493935760548776,-2.2229620708947344,-1.3413421748345373,1.0805649258387382,-0.44354939943081023
Gryffindor,-0.4477721654640537,1.3878571377896503,1.2665674688685589,0.482144315255197,-1.9218139637924905,-2.6946470961673534,-0.8321368212483486
Hufflepuff,-1.302934340716728,-2.6675895373344303,1.8092598726712819,0.5511499366732827,1.5743625655862477,0.48356597800423246,-1.5899780281635683
