theta0,theta1,theta2,theta3,theta4,theta5
-0.0006490899671072826,-0.0006490862066550367,-0.0006490848644807351,-0.0006490825647917594,-0.0006490826209073233,-0.00064908180804985
-0.0006488862582059987,-0.0006488819937720253,-0.0006488776253667318,-0.0006488719714005308,-0.0006488689973250315,-0.0006488653011722201
-0.0006489567468735832,-0.0006489546605144584,-0.0006489504307198557,-0.0006489470434279688,-0.0006489441456774659,-0.0006489423254345086
-0.0006491112283166091,-0.0006491110534941335,-0.0006491104225151555,-0.000649108930428126,-0.0006491067239102958,-0.0006491037694187166
