Hogwarts House,theta0,Astronomy,Herbology,Divination,Muggle Studies,Ancient Runes,History of Magic
Ravenclaw,-2.1141494859109624,1.6451014519607923,-3.490088757636152,0.3418790553427001,1.2813129518848807,-0.1912053268862376,2.806834998328239
Slytherin,1.3143291637296703,-1.1241346119437285,-1.6716318581407692,-2.827092322299953,-1.6997850209452672,1.513081800366755,-0.5340785198339875
Gryffindor,-0.45345342680380296,1.842927991704846,1.637772956315576,0.6799657739842656,-2.4122360288565106,-3.3572334805555446,-0.9810924939801613
Hufflepuff,-1.6987158968031888,-3.403868070525183,2.319713289123084,0.7771122303980129,2.1193332177839936,0.6606148691576184,-1.9834907338178196
