Hogwarts House,theta0,Astronomy,Herbology,Defense Against the Dark Arts,Divination,Muggle Studies,Ancient Runes,History of Magic,Transfiguration,Potions,Charms,Flying
Ravenclaw,-1.8379691182136495,-2.7034695574678644,0.7289525543858291,0.8858281231398277,0.11470166521385428,2.040272316446878,1.2721346951849746,-0.44136584489310465,-0.4980163412297162,-0.7686223385901271,2.1304526825873285,-0.9708749701738435
Slytherin,0.21637174900052406,-1.3391041452082242,-1.4970099347373615,1.5568479099392938,-2.2812417408664887,-0.6758926687352098,-1.05484235846336,0.555210490568259,0.6684783598490692,1.1693118097085544,-1.0448848820453078,-0.9615734750192445
Gryffindor,0.07929428562477842,0.9538954984490781,-1.3937555529777768,-0.8722557010304546,0.5342137521288377,-0.4032177801152116,1.3297480502216061,-1.8003290885526801,-1.9801758489732921,-0.6877430478394801,-1.1407551980860786,1.8709472780579735
Hufflepuff,-0.5781811981234553,1.8753433268705162,1.7840660545265405,-2.4652778408884792,0.7137761234572058,-1.3448927815993088,-2.3927595182903545,0.9410298009576732,0.9732568100785378,-0.777521714550229,-0.23110331365990175,-1.1436396214996127
