Hogwarts House,theta0,Astronomy,Herbology,Divination,Muggle Studies,Ancient Runes,History of Magic
Ravenclaw,-2.469016370830087,1.9211396144616981,-3.9818523640985486,0.47224858987756585,1.5370549732237508,-0.23240793618920869,3.2476462750925172
Slytherin,1.6965892119486985,-1.278318184713691,-1.923081703368148,-3.304210860769953,-1.988374507898417,1.8398022773294784,-0.6142581091536222
Gryffindor,-0.4625475719571962,2.186655889084329,1.9018367978986248,0.8242846151355049,-2.786796262504625,-3.847700461885949,-1.0817167845957985
Hufflepuff,-2.024640930613399,-3.9646400839635696,2.703518047181851,0.960247524601619,2.5524571245423857,0.7962669629736878,-2.275668284955065
