Hogwarts House,theta0,Astronomy,Herbology,Divination,Muggle Studies,Ancient Runes,History of Magic
Ravenclaw,-1.6661970171646425,-2.8163675206585492,0.9543729446228606,0.18895419291525264,2.2085674684059717,1.2741976589048183,-0.14783638468900548
Slytherin,0.8293960053989098,-1.3493935760548776,-1.3413421748345375,-2.2229620708947344,-0.4435493994308102,-0.9254092658642616,1.0805649258387382
Gryffindor,-0.44777216546405374,1.2665674688685589,-1.9218139637924905,0.482144315255197,-0.8321368212483485,1.3878571377896503,-2.6946470961673534
Hufflepuff,-1.3029343407167278,1.8092598726712819,1.5743625655862477,0.5511499366732825,-1.5899780281635683,-2.6675895373344303,0.4835659780042324
